english,description,translation,status,translator_note,placeholders,entry_id,row_id,kind,previous_translation,source_locations,source_revision
MOTION AUTHORING,User-facing product copy in the Reactant sample.,MOTION AUTHORING,translated,,,tx1_wpakcgz5h4abkjxltmmgj4m524,row1_37rq2qy5wwgo2jugtgqk3xfuna,message,,rules/src/animation_validation/screen.rs:131:55,rev1_81cfd0a0460765cf52322179ea0308fb147039def952f14b6f61d423fbe83334
Targets & Timelines,User-facing product copy in the Reactant sample.,Targets & Timelines,translated,,,tx1_4yywpw34wyxwef3q6uzlbzrani,row1_fh7ieqzky2vi3u4lnykqa64uqq,message,,rules/src/animation_validation/screen.rs:135:55,rev1_cdd54b043002cec6d4afda3938914f107b907c2da98faa7174b17bc2c296fb2e
MOCKUP ASSETS,User-facing product copy in the Reactant sample.,MOCKUP ASSETS,translated,,,tx1_77m4fdhv5giphoaj6evcwet6c4,row1_i5h5koh6pa7jraataeg4gyykqa,message,,rules/src/assets.rs:324:47,rev1_ce10065df31bf4358d73421449d6068f368dbc4ce5a5a2650e461aee6a958145
Documentation link,User-facing product copy in the Reactant sample.,Documentation link,translated,,,tx1_367ykjswu2wly33jgi4oefrbzu,row1_5fyjcnagcm4dewfr4cmtdvtsse,message,,rules/src/collection_settings.rs:23:15,rev1_7efc2044604316a11caf44116f569bd430022b76e4609f05e723d77565c7503c
Open Unity documentation,User-facing product copy in the Reactant sample.,Open Unity documentation,translated,,,tx1_p44rskkunxv5q4nylrpqlzrx5q,row1_7uu6o7sgisynfen4avzcghec3m,message,,rules/src/collection_settings.rs:32:15,rev1_0cd240037d6185775d28f85740e6777a810f800f58bcd08662e96831bbdfbe41
COLLECTION SEMANTICS,User-facing product copy in the Reactant sample.,COLLECTION SEMANTICS,translated,,,tx1_zml3tti2q2dqka7trpkhdd5df4,row1_sujelg3nktn4gdholz6hg5fway,message,,rules/src/collection_settings.rs:43:18,rev1_b90c866aeae104ba51a582d7670f4ea736eafe1eb3f82c9d417878502796b961
Settings pages,User-facing product copy in the Reactant sample.,Settings pages,translated,,,tx1_eqaxtunst64gs3osrqs7aerwca,row1_t2vnqyxrjvfedlxr3jswt6objq,message,,rules/src/collection_settings.rs:52:47,rev1_85af6cfa71b26262a15b9c709333f84b36e9194c16f7b7c37d95098bcfbff251
Collection settings,User-facing product copy in the Reactant sample.,Collection settings,translated,,,tx1_gcihj4dzeyf4wcmulnxkac56ta,row1_csdjuat4oegtscahqi4cnz3hki,message,,rules/src/collection_settings.rs:73:43,rev1_68e0a0c544644d401b59c1249a3822d09c98a5ce39533aebe356a66efadcc759
Display quality,User-facing product copy in the Reactant sample.,Display quality,translated,,,tx1_32ilub7xchaylt422rixbidgdi,row1_l4x2uunxqe5f5sjriuqpwvscke,message,,rules/src/collection_settings.rs:81:48,rev1_4b21410afa0bb6700bef2b09091faa4dc8ad43f9bd6192cb5feaa96e8dbe522a
Keyboard bindings,User-facing product copy in the Reactant sample.,Keyboard bindings,translated,,,tx1_2xuou4bxe4eobv2pj6ekie5yry,row1_6if6av34us3evzoxr2adzfr4dm,message,,rules/src/collection_settings.rs:104:46,rev1_334d064cbb170cbc6325241ea75f5fa314811999391a9ac6cddf23518fa01375
ACTION,User-facing product copy in the Reactant sample.,ACTION,translated,,,tx1_5ewpzf23nad4n3dtkkmmkkhayu,row1_ag35xdl2fel4n7v5trmvv55uim,message,,rules/src/collection_settings.rs:114:30,rev1_b9b3bc7c0fadc75fc45f237dd0b912ed0032b8a6f9ffcb5c4998996aeb70b201
Action,User-facing product copy in the Reactant sample.,Action,translated,,,tx1_f6aznwdkvuonhdid2q4azy5cje,row1_glug2wmtqtit2ksmofwqcrykqu,message,,rules/src/collection_settings.rs:118:60,rev1_ba29057850edbe96d5cadaae2ef8c636f31eea351ed42205c445ce05fe64c303
KEYBOARD,User-facing product copy in the Reactant sample.,KEYBOARD,translated,,,tx1_5a7zkbacjt4e5rjuvpf2gxpoju,row1_cjyhze5fsak5k56x4q7imigdfq,message,,rules/src/collection_settings.rs:122:30,rev1_ed4e722553de41ec5b9b39d2244c0efcbd115a23104268ee95b7bafff34b1b3f
Keyboard,User-facing product copy in the Reactant sample.,Keyboard,translated,,,tx1_7f3shjy5cjhg7xytsxkkaipodm,row1_rw26an4zwzx5f64grgle2essw4,message,,rules/src/collection_settings.rs:126:60,rev1_eb19244e011d56b7989b7576c028b15d490a462833370a5e16b6b3f141d7d8f5
MOVE,User-facing product copy in the Reactant sample.,MOVE,translated,,,tx1_xnkfdodd25ctepyleu2gwn6ocm,row1_n6bxfrkffz2lo3g4hoqq5qlrta,message,,rules/src/collection_settings.rs:136:30,rev1_b72d88fe7f1db041c66170695d26b263bdcde811ec6b183eff1afef490498887
Move,User-facing product copy in the Reactant sample.,Move,translated,,,tx1_esappoexwbyck7hmdjyhair5zy,row1_6otogo3t4nuq5igarekdb4socm,message,,rules/src/collection_settings.rs:140:57,rev1_f4eb715defdf447dadf803a5fad123c4cbc0bbb524f19e37a27b45643fa18851
W,User-facing product copy in the Reactant sample.,W,translated,,,tx1_eqklottcurmb23xdoc2qhxxouy,row1_psflvs3koai325dcmaq3yfipou,message,,rules/src/collection_settings.rs:144:30; rules/src/collection_settings.rs:145:43,rev1_4cb29d66428f75c7bc9bc560027e9439fe65717b3354e2c64d6e8ef66ee4bdf9
OPEN UNITY DOCUMENTATION,User-facing product copy in the Reactant sample.,OPEN UNITY DOCUMENTATION,translated,,,tx1_gm5nrenprjw2bf46d7kwqngdhq,row1_2shorcxmzujhpaxyzoykdzwfle,message,,rules/src/collection_settings.rs:152:23,rev1_1b75b866a92a4195c62c3d60c84de209778a4a7e04186a19c7247735c123a6db
DOCUMENTATION LINK,User-facing product copy in the Reactant sample.,DOCUMENTATION LINK,translated,,,tx1_sfte3pysatoyayrxmwuxmkgqny,row1_bhgq72oa4amuygrkqtv5epymwi,message,,rules/src/collection_settings.rs:157:23,rev1_9e3d820c4af5e33439e039f83ae5725aa1f17779c504402ab84b94bc570f64e3
PUBLIC MOTION COMPOSITION,User-facing product copy in the Reactant sample.,PUBLIC MOTION COMPOSITION,translated,,,tx1_5muvtttw5dkqrbzyzekkjtirnm,row1_mkffh65omd5ft2d63unasijfle,message,,rules/src/composed_effects.rs:72:22,rev1_788ffabd832ea80fc90bb848ec1f330d7d226756ec7f53beca65d202127a595d
Composed Effects,User-facing product copy in the Reactant sample.,Composed Effects,translated,,,tx1_legeosvz3sr6kc3sidhg2fmnpu,row1_xtu3h3il4k2nh7tcp5x43humzq,message,,rules/src/composed_effects.rs:79:22,rev1_ff26bbd8163800115a306c6c162fe7e86787bb2d992d7b9cf1a39295d9289ade
SETTINGS READY,User-facing product copy in the Reactant sample.,SETTINGS READY,translated,,,tx1_gbie7tutorjfb4twiad2crojjm,row1_hdfpvmgikjtbf7u7k5wrnzhs3e,message,,rules/src/composed_effects.rs:260:30,rev1_f9ecaedd4877d0779c96b64bc190a88bd24c2380a0d7ab9e4b1da56a1c8a6048
[x] ENABLED,User-facing product copy in the Reactant sample.,[x] ENABLED,translated,,,tx1_2b4bszqvjcfv3akxpmgltyb5qy,row1_jmapy5rcrj7cf3qbsxtw43emuq,message,,rules/src/composed_effects.rs:361:7,rev1_95c1c7f48d82716ce1c28b2090807bb09f7a523ade04ade36ce64808a4a7ee54
[ ] ENABLE,User-facing product copy in the Reactant sample.,[ ] ENABLE,translated,,,tx1_2jzv35jhldkq76fckscg5t3xpm,row1_k7cj2xbwtsafz66zyoh6kbp2hm,message,,rules/src/composed_effects.rs:366:7,rev1_8eff29bb678cb6eb48ab7c1ebf3d60519f3d2f03f1937477ef36e7ac45c87b8f
COMPOSITION,User-facing product copy in the Reactant sample.,COMPOSITION,translated,,,tx1_d2qamatfd5zwmy4isusvb54gjm,row1_w7wjpfy4ikkfjhkeg7h5nfbooi,message,,rules/src/composition.rs:36:47,rev1_7179052f20b761dde8badf96c2e5ecb769ac8ebb31c0c42f4c365e2ac351bdce
Build declaratively,User-facing product copy in the Reactant sample.,Build declaratively,translated,,,tx1_ruoy6vfasi74mi72jjx4ccnj5e,row1_4loq2gjsz4xqzvojeideescoe4,message,,rules/src/composition.rs:43:47,rev1_b9fc223e38a6e8a17872dc4d9f581baabaa3e3faab4ca8f66dc683842de05bff
01  Required props,User-facing product copy in the Reactant sample.,01  Required props,translated,,,tx1_r2yw5ywfiw4aaugc6ijiisorcm,row1_nr7tuqgcgzn6jea2szkkdxjntq,message,,rules/src/composition.rs:94:23,rev1_0c1147ed7bf35098e7843c81f04c0d0850fe0d1158eba0fe50261d004fce85b3
02  Structural values,User-facing product copy in the Reactant sample.,02  Structural values,translated,,,tx1_vthu3dcmdx2ozgplzbpqk2bvsi,row1_4gtopfnnjk3777ffnabsfzafby,message,,rules/src/composition.rs:98:23,rev1_0650fa230b1e9d560d21b262a0fb6f8a47b0f51bef4ff4fd79f35426a5bde28c
03  Primitive children,User-facing product copy in the Reactant sample.,03  Primitive children,translated,,,tx1_env7lsnxpgvk7nl7xwuxllph3y,row1_hetde7wmafp7s3aixp62pza6f4,message,,rules/src/composition.rs:102:23,rev1_cbb58a6785e13c9483be3bf14a0900e15c3b011c45790b8682d67a203318976c
CONTEXT & MEMO,User-facing product copy in the Reactant sample.,CONTEXT & MEMO,translated,,,tx1_6tgj5kiokhekp5nqyrtdqpmxdu,row1_qe7nb45bdk6dxr6cytckuep7bq,message,,rules/src/context_memo.rs:52:47,rev1_32d84566e88a892de3efa7693a2b39f57fd73ef6ae7df1245d944a9a25990f9f
Values follow ancestry,User-facing product copy in the Reactant sample.,Values follow ancestry,translated,,,tx1_fwqiafait55gy3r7jj7dgkr63m,row1_7boodekv6qw7isefvtjqy2ftcy,message,,rules/src/context_memo.rs:59:47,rev1_8965bf675425773f3aa569f047b1ab671232d5c0a9a9482b6bcdfb1a969b3a7a
CONTEXT  Nearest provider wins,User-facing product copy in the Reactant sample.,CONTEXT  Nearest provider wins,translated,,,tx1_utjumad3r4sex6odbz7jnfoh6y,row1_jvcigm42qb2mppmli7og3lwjta,message,,rules/src/context_memo.rs:75:55,rev1_8244e48a1b1230c04c55b4ffbf271d07bf18b14aa5f657b8a58614b3953d1a4e
MEMO  Unrelated value,User-facing product copy in the Reactant sample.,MEMO  Unrelated value,translated,,,tx1_qpolpnvzmf5mlnhngc7dpz2zt4,row1_2ds3wj4dhueutfikf2jdeibtny,message,,rules/src/context_memo.rs:106:51,rev1_ad43311b2fa677c1e118f3b42efd88ba57c511530cddfade64e2b1bbf05f758f
EFFECTS & STORES,User-facing product copy in the Reactant sample.,EFFECTS & STORES,translated,,,tx1_wkv6lxfuescfhcxixq366k46pu,row1_pqjcs2yegawv3qygxzmziyz5ka,message,,rules/src/effects_stores.rs:131:51,rev1_db48261c59e611f6712508c25fb33d0c13d2dc201f94e7d63b8b066214f54c7f
Synchronize after commit,User-facing product copy in the Reactant sample.,Synchronize after commit,translated,,,tx1_mfph6pwlpvv6ogdm4jdug7r5cu,row1_fiwx3y56njgiyc3immycq75wmm,message,,rules/src/effects_stores.rs:138:51,rev1_7d8f4d4a50288a51db8246c5bfe77f7068eae17692df941dab6049a8f0d6dc46
Connection,User-facing product copy in the Reactant sample.,Connection,translated,,,tx1_4ml4m3fwxoietkurb5h6n7bv2a,row1_illd5fmolxjstr63kotxoufilm,message,,rules/src/effects_stores.rs:154:59,rev1_1b98995e664e59d61d7d50ea1d41f17dd5336ebe84838fe73856b9ba404ced1b
CONNECTED,User-facing product copy in the Reactant sample.,CONNECTED,translated,,,tx1_a446stpixqb7w7hmm73ok6jnvy,row1_3gk6ki4mkfllrjh34mijqaixca,message,,rules/src/effects_stores.rs:162:23,rev1_eae9e2eb197de6922bf1e9503e25975e5fbf6c7e3eaa79c87a580d8375817693
DISCONNECTED,User-facing product copy in the Reactant sample.,DISCONNECTED,translated,,,tx1_5kksxhpogsk55v2t5jjcba4liu,row1_njsahrdyxmyb7b7idjanhukh6m,message,,rules/src/effects_stores.rs:167:23,rev1_09b3bc55603c04d7aa4be300195a845751867cc8cf527723812dbca5c24c0651
External snapshot,User-facing product copy in the Reactant sample.,External snapshot,translated,,,tx1_mikdr7ww3epvt3hrtojsldtm2i,row1_abe3x6md6w54fd3n2giv3fed4u,message,,rules/src/effects_stores.rs:190:59,rev1_ad8ab3cbd1ca44abffa1a694105cd0437f471e5ee11bbeb7d9e99ff5ab7760e6
EVENTS & PORTALS,User-facing product copy in the Reactant sample.,EVENTS & PORTALS,translated,,,tx1_aryfy6osctjooqsecei2l3mw6q,row1_nsmjdgr2b4e24tr4dksv34ippi,message,,rules/src/events_portals.rs:36:51,rev1_6ea9f4d62868187de78fc9d2c94e6f4effbc4cd7576cd3ab25042912481aa89f
Follow the logical path,User-facing product copy in the Reactant sample.,Follow the logical path,translated,,,tx1_eyrd56yznfxckk33chy563doxa,row1_2ctrm5ns3n6bipcobsnmtzdkeu,message,,rules/src/events_portals.rs:43:51,rev1_b20286a342037d84d9cd51cefc67e3e7d35244d8bb7128f423bfa8703e03b7e0
Logical source,User-facing product copy in the Reactant sample.,Logical source,translated,,,tx1_pidxjke7skbhrenh57lexmfw64,row1_imwuhtqrbfs3vxn5ir7bfwirzm,message,,rules/src/events_portals.rs:59:59,rev1_8e36da116f3e64f772c9b64dcb5fb272fbe0fb23e4affb4df076a8987c8ab2bb
Portaled overlay,User-facing product copy in the Reactant sample.,Portaled overlay,translated,,,tx1_g2vbuwubealxbdkarfstqad7qm,row1_pj6i3j26xhwbke6ogmgzv7wd64,message,,rules/src/events_portals.rs:82:69,rev1_e144718f4abf6cb6915e1b39f9fd4b707fe08dfa52073c831301ba1d30d44715
CAPTURE,User-facing product copy in the Reactant sample.,CAPTURE,translated,,,tx1_etjxe4zbmivzg2aivlftvl3wzu,row1_jve5uf4epif6nyooggapns5r6y,message,,rules/src/events_portals.rs:139:51,rev1_837aa0ac54b9e131e93bf5a8495bf7f3d925079af469e77f7aaf2847a1de94bd
TARGET,User-facing product copy in the Reactant sample.,TARGET,translated,,,tx1_bjrnqybk4uatlnze6vybcs55si,row1_f2t6swwnkivoepchajwnejrzg4,message,,rules/src/events_portals.rs:158:51; rules/src/gestures_drag.rs:248:20,rev1_cddfaa6f0697eb243bd07b5ed2f50bb59ae3cfad43d86021a60ad80039140104
BUBBLE,User-facing product copy in the Reactant sample.,BUBBLE,translated,,,tx1_7dkexqxq4m6eelmiueubjmapri,row1_fajm7n7eyo6gbsibodrt47awye,message,,rules/src/events_portals.rs:177:51,rev1_651138a668b65533729fed534c85ae49a4e7b2102ec474fecaae3064adb232ac
READY,User-facing product copy in the Reactant sample.,READY,translated,,,tx1_f37fvqqagim77mcpv2wcpms6gq,row1_qe5t6xwwev3vqmzvvkxebnsjvy,message,,rules/src/events_portals.rs:190:47,rev1_03e0067887e8a01365c953d8a11ced090d61985ca9e6f2a17e6bc5664e3cc871
UNITY-LOCAL INPUT · RELIABLE BOUNDARIES,User-facing product copy in the Reactant sample.,UNITY-LOCAL INPUT · RELIABLE BOUNDARIES,translated,,,tx1_4h7vtv3ehpf5qe4p4ihiyqlxiy,row1_wj5f33zrjelqjr4yzsproxz4am,message,,rules/src/gestures_drag.rs:109:20,rev1_83d4e9c53ac1631c899b399e0edb28139f032a8c2381b13b2a16ddc0d4e642b0
Gestures & Drag,User-facing product copy in the Reactant sample.,Gestures & Drag,translated,,,tx1_iztqa5axxugrd7zhqj2x5embhe,row1_6ey4mimgo73myoh2dsooznmvii,message,,rules/src/gestures_drag.rs:116:20,rev1_7fabcc6e347c4eb5bfd1d68f30ae4b78e0386443be801610a0be717464bc6f55
DRAG,User-facing product copy in the Reactant sample.,DRAG,translated,,,tx1_efnbqsn2m6pwwpkg57nyfll5fy,row1_biqaocgbo4cz4ze53n36oafyom,message,,rules/src/gestures_drag.rs:177:20,rev1_5b7eff051c91327468ba8403c0cfaddfe88065dd19d7a81e635829508667e895
3 PX START · 10 PX LOCK,User-facing product copy in the Reactant sample.,3 PX START · 10 PX LOCK,translated,,,tx1_jo7rqzxd35tyi4pnyfjzywlbwa,row1_4xm4orchqbufga5so2747wktc4,message,,rules/src/gestures_drag.rs:189:20,rev1_e8c35daa9909dff6c64f500e4deee50992839699fa4c733e21032180547b36d6
MOMENTUM,User-facing product copy in the Reactant sample.,MOMENTUM,translated,,,tx1_payrclb3cy3kvi3bjbllenea3i,row1_5sjrtvfla64kr6dlue7a4fhxmi,message,,rules/src/gestures_drag.rs:212:20,rev1_109a334f80d65a0528e79dfcdf921d6a3e76bbfd8f75771b2966c7ce120fed33
THROW · CATCH · RELEASE,User-facing product copy in the Reactant sample.,THROW · CATCH · RELEASE,translated,,,tx1_spgdjwiv3cpgpzb6r6lzlwciue,row1_fgcgwp6cyvcasqmh2nmouovdpm,message,,rules/src/gestures_drag.rs:224:20,rev1_af49bdb4b058ad41307f75f5e76c6ef40161f66d6e6f35f108616616243b1897
EXTERNAL HANDLE,User-facing product copy in the Reactant sample.,EXTERNAL HANDLE,translated,,,tx1_x5gtb6f4qxx7kb5yjg2jew4bim,row1_ccrdte46ecobbfu5kkphgsrmum,message,,rules/src/gestures_drag.rs:267:20,rev1_b0795e78a48e4f68499fc919fa1317f6ee6cea6b7b192a74b00a065eaf2c9651
MOTION VALUE OUTPUT,User-facing product copy in the Reactant sample.,MOTION VALUE OUTPUT,translated,,,tx1_tt54vjb6ur5ajlpccfguhll4j4,row1_3pnts4wbf5xn2l6zrsmif7z2mq,message,,rules/src/gestures_drag.rs:289:20,rev1_94c6c86f646ba0e85eb1561efc4a7c517cf1eaedcaf5ef830774bf6f0a52bcf6
SCROLL  ↓,User-facing product copy in the Reactant sample.,SCROLL  ↓,translated,,,tx1_z3tuhy2s7mbbqviq74xrymgubm,row1_h2afpzdehfcyi3o73alcy6koem,message,,rules/src/gestures_drag.rs:315:20,rev1_382127873ff59883e89847dbfe070752878079c8a78e463b5aed5b84a05a6f8c
SCROLL  ↑,User-facing product copy in the Reactant sample.,SCROLL  ↑,translated,,,tx1_3yyhvdeoiqmqpbnjzaxkj6xyzu,row1_co5erkk6xvy2hz36ms3tkx77qe,message,,rules/src/gestures_drag.rs:323:20,rev1_5d7af2d75edf8676c25d02bbdf5e33cf3dd200da24502715a188f85f5d11307d
SCROLL PROGRESS,User-facing product copy in the Reactant sample.,SCROLL PROGRESS,translated,,,tx1_ctwmjh6egpedqpvsskymkjpwoa,row1_6ste467txpak2ged75vgt62wwu,message,,rules/src/gestures_drag.rs:339:20,rev1_edde1d944185e4dc5fdb60f1bf30d640442f0ae7013b0782349ca2fe93d8cc34
IN-VIEW VALUE,User-facing product copy in the Reactant sample.,IN-VIEW VALUE,translated,,,tx1_3ceuhbaqlgv56mtmybyugnccam,row1_6tnaftwcwz2oi27goaf362garm,message,,rules/src/gestures_drag.rs:359:20,rev1_e2fa04b3701081de8405e88e506c8cc7aa74ad134098b7c396787f6a34a4bcbf
Layout Gallery,User-facing product copy in the Reactant sample.,Layout Gallery,translated,,,tx1_7eqs4bsmvrvf5c5j6ha4fgwtvi,row1_o7kur6zfnhnfoba4nrlzqo3jxu,message,,rules/src/layout_gallery.rs:51:15; rules/src/layout_gallery.rs:80:20; rules/src/layout_gallery.rs:86:11,rev1_b44006f6b03ca6e36b357911f3520146f5086986e03bd2923ea4d113b588aabc
PUBLIC LAYOUT · ONE COHERENT FLOW,User-facing product copy in the Reactant sample.,PUBLIC LAYOUT · ONE COHERENT FLOW,translated,,,tx1_2g6qf2wmksye6urkbqkf623gja,row1_fwsrmfcwaskshovznlmf4ap5gm,message,,rules/src/layout_gallery.rs:73:20,rev1_cf1aa13f7f33eb65b3046020d36b11ee1849cb1b5c66632573b034dd6f69b140
INERT TARGET,User-facing product copy in the Reactant sample.,INERT TARGET,translated,,,tx1_tvxbeiugz6pbkctzvfc2t76y3i,row1_ffshk575olfqwyzykxn25zy7mi,message,,rules/src/layout_gallery.rs:101:25,rev1_9335a9c9c18153f09f4b54e686201a1cc1f3352822040d42f0ffe932df245449
Reset settings,User-facing product copy in the Reactant sample.,Reset settings,translated,,,tx1_oqzdpl6pchtojjemsqaqo5vsfe,row1_nrx2w4btwdgy7wix5jiyr52ufu,message,,rules/src/layout_gallery.rs:142:15,rev1_86477bc2c2b5a8177ebafd859ce39c4623a71b3bb825872022ffb03604d7d4a6
Settings reset,User-facing product copy in the Reactant sample.,Settings reset,translated,,,tx1_fzxfosqwvhb5d5f4r2jbdue5yy,row1_x6bqgbmlyjlzu4kaqrenyoamce,message,,rules/src/layout_gallery.rs:148:25,rev1_4014cfce075283b727a0e31697412af054f98e5dbfe916a6539a64a0ce320e99
Responsive tracks,User-facing product copy in the Reactant sample.,Responsive tracks,translated,,,tx1_huipgq3yxrg4hjlzsenqqarmze,row1_7mi25s264mcvr7rsm7dmudvuee,message,,rules/src/layout_gallery.rs:156:15,rev1_c9d4c4832d1ed9970161bd7a1208dce7c3f4672264f0a33954902bb56ebd6ed0
Open modal,User-facing product copy in the Reactant sample.,Open modal,translated,,,tx1_epoyris6jd6wdk7fi2b4v5fjra,row1_6orifwl7nnmor537a2n2qwzwum,message,,rules/src/layout_gallery.rs:170:15,rev1_7e2f3026e87cda5f4e2e76ed887863b9a4b499f4406400428a3fd9d3c6b50e39
RESPONSIVE TRACKS,User-facing product copy in the Reactant sample.,RESPONSIVE TRACKS,translated,,,tx1_4mmvsqqgxthtozlfstldr72ivi,row1_plv7iucrv3flsri3vbrmquy434,message,,rules/src/layout_gallery.rs:183:21,rev1_5f800527b4b53b88a496a9b28946df364e80a2d16b0521da08bf4b90231d1506
LARGE TEXT,User-facing product copy in the Reactant sample.,LARGE TEXT,translated,,,tx1_xpr5iuoz3ofablgk62cw4vqple,row1_oqk7uev6vd6l5cifidppgw5ore,message,,rules/src/layout_gallery.rs:191:21,rev1_c6f190bcfeb6d28a089e3c2196aaadacf159c5c20ebe04e9cb816738a73bb3cf
TOGGLE INERT,User-facing product copy in the Reactant sample.,TOGGLE INERT,translated,,,tx1_mzuyj74u7weq5iecywa7ah7zqe,row1_wvgg66u7enmochov6pwmyugrrq,message,,rules/src/layout_gallery.rs:201:21,rev1_135bb91214cdb1d23a28eaea774665c97a71250f1da90c37fbd61ee0c22fc63b
OPEN MODAL,User-facing product copy in the Reactant sample.,OPEN MODAL,translated,,,tx1_6zz63mgw46wlizgmqt2udl6iii,row1_rp2dqed4yoelneaxoow6ukvqge,message,,rules/src/layout_gallery.rs:211:21,rev1_0fce3d8e393ab0dc810549fe2500835948ca671f67285b9f81270ec8caf86254
RECONNECT,User-facing product copy in the Reactant sample.,RECONNECT,translated,,,tx1_5slgp6ggzpqve6j5je6u3eajli,row1_qxp2zg7qeykudculdn4u2vijvu,message,,rules/src/layout_gallery.rs:220:21,rev1_0b23d6b5c37acb60c5dda7913539a1c3cf1cfc52789a201c22485453cec277ae
RESET,User-facing product copy in the Reactant sample.,RESET,translated,,,tx1_ugc5vz3huaazyjajl4mv7eokpe,row1_77lf2eo4bcb5isymhp745qodce,message,,rules/src/layout_gallery.rs:231:21,rev1_df8b72a8a77f204878eb1804d08893a365d951d36b92973706244c701e92554d
Settings sections,User-facing product copy in the Reactant sample.,Settings sections,translated,,,tx1_yfiqrjlegqnca4kwdximtppa6q,row1_ipmioy3fmsrqhxr6g5tki2cz3a,message,,rules/src/layout_gallery.rs:241:29,rev1_42bbb1c83b85882c83a148954f29b4885f78170dc232594529206ad63b8e6cca
FIXED TAB GRID,User-facing product copy in the Reactant sample.,FIXED TAB GRID,translated,,,tx1_oohoeezfku7d27g4j5butw64za,row1_4e64fbnjzgxmdawiv7hpf34y7i,message,,rules/src/layout_gallery.rs:248:20,rev1_b05df9759019544257ce4e2b144edf98be14eb375154db3e5f3927548bc5a829
Captions,User-facing product copy in the Reactant sample.,Captions,translated,,,tx1_eomebtf5iigqgsjjdnsuqlugni,row1_hdemt2bnmlbppuyvykocdfregu,message,,rules/src/layout_gallery.rs:308:15,rev1_d5752b55ce560e31d5cd62b8dd7234432d20b0a15b625560f9ef0c8c188a6524
Spatial audio,User-facing product copy in the Reactant sample.,Spatial audio,translated,,,tx1_b75iuscjkrr42a7vmdpqemjtla,row1_myw5ickq43xdwmjvivck2wtug4,message,,rules/src/layout_gallery.rs:319:15,rev1_2a6c9671b0ce778197fbd9dba6ee481ea4eecea65002852009bb672dc67eefa0
Audio quality,User-facing product copy in the Reactant sample.,Audio quality,translated,,,tx1_qndcwk5letufl7xku2dtvthrh4,row1_t4qtkqf5zqfcojixl3kx5qzqvi,message,,rules/src/layout_gallery.rs:328:39,rev1_65d7cc105404ce283da6eff4ca731867e80866f2b5a09439cc7baf798625d044
Standard quality,User-facing product copy in the Reactant sample.,Standard quality,translated,,,tx1_mf7vdfatfg4groczfham4ls2ge,row1_7wo4ayhfbe2sbv4pgmb4ufdwjq,message,,rules/src/layout_gallery.rs:335:15,rev1_4fe815ed41d04ffb97c70aacc7c4a9c3a90e4de60c93ba82e7326e31ab21d9d4
Studio quality,User-facing product copy in the Reactant sample.,Studio quality,translated,,,tx1_k3vdyipbm6hr6xxxgaeboil3ca,row1_uvc7ok3dpslyhnff5pcs36kami,message,,rules/src/layout_gallery.rs:345:15,rev1_690d5f963921cdd87c9b05a04c8029cbc7cfc84c45a26756e8ec55fabec8b1d8
Music volume,User-facing product copy in the Reactant sample.,Music volume,translated,,,tx1_3wgaddtgcql7wwt3x24gmkblmy,row1_nnjw24tb2kftimapljuanwywaa,message,,rules/src/layout_gallery.rs:354:15,rev1_02ea6cd9d9155490c3434e504c3cc74e062a6437d84579c7bec545bf828b692c
Advanced audio,User-facing product copy in the Reactant sample.,Advanced audio,translated,,,tx1_sxq5kamsz5qy5hcsmnl7r3s4gi,row1_gi2qrt6f6jaqp2lb5qqogvfj3q,message,,rules/src/layout_gallery.rs:370:15,rev1_4665e1d23627ac81b67379f77f02c246c9633a645e9521fe33cd14489da1363a
Save settings,User-facing product copy in the Reactant sample.,Save settings,translated,,,tx1_sgscy45srm767wo4hh3cj7nqyu,row1_em5dft3wfrwzxrqbyp7c6s22e4,message,,rules/src/layout_gallery.rs:382:15,rev1_70d84c65c7263e797513e9cd38c7d4ce17cb21cd318711595359366380d2354e
Settings saved,User-facing product copy in the Reactant sample.,Settings saved,translated,,,tx1_dkcohztcaawnpr4hefjz4xo6fm,row1_l4gdfznglpyn3f2akjqxcxlu3m,message,,rules/src/layout_gallery.rs:388:25,rev1_6999466321c17a51239ccda1c0ad3b1ba14a496aaf4de57373eeb977ce762401
Advanced audio controls,User-facing product copy in the Reactant sample.,Advanced audio controls,translated,,,tx1_bmpuol7tkiy2ydjbot52flctqi,row1_3lsn6ing57wl4ak3rdpn6azec4,message,,rules/src/layout_gallery.rs:394:42; rules/src/layout_gallery.rs:525:20,rev1_44ad0269a019fc2987263ee2ac54410044cae46559b0130c03f97ad4c9b28a5c
Accessible settings,User-facing product copy in the Reactant sample.,Accessible settings,translated,,,tx1_ifdrkufdlkjzt5nl5jt7nve5zq,row1_66mmvzuo3ad3hiyqwvwjatiluu,message,,rules/src/layout_gallery.rs:400:32; rules/src/layout_gallery.rs:411:11,rev1_70646f0340db39c72759a422dbe23bf937ca68ec21817edc5ebf8177d326f68d
ACCESSIBLE SETTINGS,User-facing product copy in the Reactant sample.,ACCESSIBLE SETTINGS,translated,,,tx1_2j5jjwetphfpcc4zifdmvsseii,row1_huqqcmwu7yaqp47yadc37hhuiq,message,,rules/src/layout_gallery.rs:406:20,rev1_77ad5c22cc150ea5349c7b9f259dd7acddf0a9e19ad994bcb060be9539ac75c4
Sound wave preview,User-facing product copy in the Reactant sample.,Sound wave preview,translated,,,tx1_kdqktefltmlrj2pvp6y7vws3nq,row1_qzayaropbfilnesnbjehdjudk4,message,,rules/src/layout_gallery.rs:420:20; rules/src/layout_gallery.rs:425:29,rev1_30bd178abbefd84b0be97e81741266b5f5d1ca0a2a5dc8456c70e5459822ea8b
Changes apply immediately,User-facing product copy in the Reactant sample.,Changes apply immediately,translated,,,tx1_en45kgvx3dggg25d3mqelol23u,row1_s7epwzudlv5uzhttf2awsjydue,message,,rules/src/layout_gallery.rs:431:20; rules/src/layout_gallery.rs:435:35,rev1_980bb967b474097a4dae43fb2d65bb875a9aa7118da7192ca82a9252b941ec00
CAPTIONS ON,User-facing product copy in the Reactant sample.,CAPTIONS ON,translated,,,tx1_6isprb73c6y2ngt2zl7jztwof4,row1_25e2plfophbg5kjsszxlfqcxra,message,,rules/src/layout_gallery.rs:442:11,rev1_90b66780a3fefc7d653b1fe2e26210b51b4348c136bc9ad7baa47eaf72d19b3d
CAPTIONS OFF,User-facing product copy in the Reactant sample.,CAPTIONS OFF,translated,,,tx1_klarkn37e3m7lncmdv6lkxjq3m,row1_5rykxhp4e34ci2zltkfovi25rm,message,,rules/src/layout_gallery.rs:447:11,rev1_033345af7636e33bf1cad9343dd54503d5bdfc0bf8f5afe986a4da8ce2799ee9
SPATIAL AUDIO ON,User-facing product copy in the Reactant sample.,SPATIAL AUDIO ON,translated,,,tx1_3lggar7sqx2gm67vqg6743a37m,row1_mp6wrgcgibcngtgdad7kmtjs3i,message,,rules/src/layout_gallery.rs:457:11,rev1_c6e59bb776879a00abd76bf68969b7e7da998ab7cc016a7309b97fd905fb3b33
SPATIAL AUDIO OFF,User-facing product copy in the Reactant sample.,SPATIAL AUDIO OFF,translated,,,tx1_4audqdhh5kvs7ryg3zsbndgslm,row1_vpb3nyqcty2ff36bo2esdjuh54,message,,rules/src/layout_gallery.rs:462:11,rev1_890ac772a6b169db41995c910ca887d62385d9c955f5fbd792a13e805424c5b6
STANDARD QUALITY,User-facing product copy in the Reactant sample.,STANDARD QUALITY,translated,,,tx1_zze3qoye244tsdpcg3gtti5xgm,row1_iu24f5tlia32dcvqqskzg64xoa,message,,rules/src/layout_gallery.rs:476:25,rev1_b02c18b848f0842e1d95ac20a9c7fd23885c693e3b2a96b1ebfe2ff48354c7a7
STUDIO QUALITY,User-facing product copy in the Reactant sample.,STUDIO QUALITY,translated,,,tx1_6bccukzpnsh23f5h7mr6ayhjxe,row1_54kaujeb4kbbmlla4zxwshxtma,message,,rules/src/layout_gallery.rs:484:25,rev1_a92aa29ec1d84bee43ac459a5075c24455c5c7361a4e34c55a8c9fd0025af13e
Audio loaded,User-facing product copy in the Reactant sample.,Audio loaded,translated,,,tx1_oiyughiwtmjcfc7rtz4ziso4ni,row1_unntg5gdeeqfnwwf6mbmvwg4xm,message,,rules/src/layout_gallery.rs:504:13,rev1_ec96cf17ed5a9f74b1a4d86a31cffec791fe58e9ac980c1843b254eefd267ff6
ADVANCED AUDIO,User-facing product copy in the Reactant sample.,ADVANCED AUDIO,translated,,,tx1_2txz2cjypp4xo36jxoj3s2gem4,row1_wlkgfdbitexfbyzof7pi3qyvse,message,,rules/src/layout_gallery.rs:517:21,rev1_0c97ee4ae263e8afb3cc86ee59a7e117b5dae2b0e992b60ed4fe02a2f2232b6a
SAVE SETTINGS,User-facing product copy in the Reactant sample.,SAVE SETTINGS,translated,,,tx1_rcvww74non3yrvobailtbzo72a,row1_tgqyigjxzwygsy32t26xecz4du,message,,rules/src/layout_gallery.rs:533:21,rev1_18aab6bc3ad4422efb64c2cb923452dfdf0e56abd67399de64fc975f5adf7d6c
RESPONSIVE SETTINGS,User-facing product copy in the Reactant sample.,RESPONSIVE SETTINGS,translated,,,tx1_t3kl4kps5dse7dhqbhgratjiby,row1_csdoqweuahp6scvm5jdzp5uhz4,message,,rules/src/layout_gallery.rs:555:20,rev1_cb449e817653f6ebf6612514c0a122d87a552ba78923337449ce618f19f341bd
LARGE,User-facing product copy in the Reactant sample.,LARGE,translated,,,tx1_oendsd34r5cwhy6howoyhpn5yy,row1_az2xl3sm7vcru4wbtb3ig2xxea,message,,rules/src/layout_gallery.rs:591:15,rev1_187ff3c977ee5c518e49a33c50eff1534d342ff549ddd635cc8e441a8b696688
STANDARD,User-facing product copy in the Reactant sample.,STANDARD,translated,,,tx1_6xdhxkdx5hve3winuntyq7xsji,row1_iyecrmgfes6crptcjarirrrhqm,message,,rules/src/layout_gallery.rs:593:15,rev1_f7de32498a4bcf687fd401c9116430273e66765e809c0feb1f5e7d3ba4b094a1
STICKY INPUT TABLE,User-facing product copy in the Reactant sample.,STICKY INPUT TABLE,translated,,,tx1_kkqwk7zhfrb6itmnrfufbp77la,row1_hbldcmiodsncudgp6sdulzsbbu,message,,rules/src/layout_gallery.rs:612:20,rev1_cd124ff8ce54fb6ea6eed0f22d02ee559bb04bcde2e5a68227352645a45f1849
SETTING,User-facing product copy in the Reactant sample.,SETTING,translated,,,tx1_jljumbtygr4kt77pxonocdibxe,row1_ygofrb2eb4uwyad62muss3cp6m,message,,rules/src/layout_gallery.rs:625:24,rev1_56b3d6a7a6a76ad84adcdfdee038461aed367d1dc6df99c33865b66520015a0b
ENABLED,User-facing product copy in the Reactant sample.,ENABLED,translated,,,tx1_e2jkordapyj2le2dznrfzgstau,row1_ezszf7qbn2amicrkvvvzfw72vm,message,,rules/src/layout_gallery.rs:646:25,rev1_d48baf0303d6849d41e9eddd1baadd4d261149894a725b4d8764e93452db000a
AUTO,User-facing product copy in the Reactant sample.,AUTO,translated,,,tx1_azln567rdq7knfjuviagccfmrm,row1_7slvocgdtfh2ubhxop4pjlad4q,message,,rules/src/layout_gallery.rs:651:25,rev1_5a3ec4fb475992990e073a369d8cdfe7383a078cc335835996af66e44e79a00d
PORTALED MENU,User-facing product copy in the Reactant sample.,PORTALED MENU,translated,,,tx1_pskded6te2ghad7q6q3c2cupv4,row1_jydhyydovva5h3bof4w4ggmiwu,message,,rules/src/layout_gallery.rs:668:27,rev1_5bf761989c31a058b8ba413e30bff1074293c8df92f89faa33aaf60e52b333a3
APPLY AND CLOSE,User-facing product copy in the Reactant sample.,APPLY AND CLOSE,translated,,,tx1_zv6dsz27m36srz325ivnq7ehji,row1_ovnwsvuzxxfl6m6vl5tqjlzmnq,message,,rules/src/layout_gallery.rs:673:23,rev1_5b21384d079b977e27da357c1f1cafbf0cba4136a98bb9c646f7217002152700
CLIPPED DROPDOWN,User-facing product copy in the Reactant sample.,CLIPPED DROPDOWN,translated,,,tx1_oxer6gqnqsudpchskgmv7chq3u,row1_34rpl3vmwpnj55ailjshicjrru,message,,rules/src/layout_gallery.rs:688:20,rev1_da48d8cbc9832ca8da55e00dea872b49394e29fa1303aa42559cab4af51a391a
CLOSE MENU,User-facing product copy in the Reactant sample.,CLOSE MENU,translated,,,tx1_5kcfetlq4csforemgyhmxttq4m,row1_vwrv2hzcmsgozzndood7w33ewq,message,,rules/src/layout_gallery.rs:700:15,rev1_41b6ce37ccddb35bf61e7fbde35dc24569b8948e39aa57c7e4a976ec142e3291
OPEN MENU,User-facing product copy in the Reactant sample.,OPEN MENU,translated,,,tx1_l2ppq2pmt3y2wchalorpewh5qe,row1_2zmbkvn5mnr62l3fgn3ctpwvsy,message,,rules/src/layout_gallery.rs:705:15,rev1_d643789a2968bc2e8f644e1d6d6580bc08d91593b1a8c48102890cf21f2bc648
Layer order changed,User-facing product copy in the Reactant sample.,Layer order changed,translated,,,tx1_7dcc4kkqcali4afyxe6rijmtza,row1_otzzhktgmogdeiw2dgvv2zacp4,message,,rules/src/layout_gallery.rs:726:35,rev1_215d42c37b52511d6d86405eae8ba9175954de884b0d60a71b013390b178f347
ISOLATED STACK LAYERS,User-facing product copy in the Reactant sample.,ISOLATED STACK LAYERS,translated,,,tx1_weeyw3aqagkzz4kq32omemkyju,row1_qidgcoenk7kxi4bcucpq3uzcpe,message,,rules/src/layout_gallery.rs:734:20,rev1_366e5f902639d888bb49c9099ccdb104fb14c778f7a600c11f79d93c983a1e36
EQUAL ORDER · SOURCE FIRST,User-facing product copy in the Reactant sample.,EQUAL ORDER · SOURCE FIRST,translated,,,tx1_7ieywd4b7yqhkdihomt2xi2eea,row1_dyh7mks4szxmxowc4i27wlz4nq,message,,rules/src/layout_gallery.rs:751:24,rev1_3049ddca99e1771be19279233b026a44f036a572738828340f471fdd800fa752
CHANGE LAYER ORDER,User-facing product copy in the Reactant sample.,CHANGE LAYER ORDER,translated,,,tx1_6u7y2dhebcewtrjyab35jhvv3e,row1_rlrgrotcaisrltmbsrepipwkqa,message,,rules/src/layout_gallery.rs:765:25,rev1_9dd205fb09cc31be36d19c838cd955ab4509d63c092abc41d72a46079b6fc34f
LAYER ORDER CHANGED,User-facing product copy in the Reactant sample.,LAYER ORDER CHANGED,translated,,,tx1_dsfgiv2uojqpldg3ttlhf35x6m,row1_eiwemehe2kcjujbp53ibwhoyzi,message,,rules/src/layout_gallery.rs:789:24,rev1_59267db3d0002546e94ffa2e09851376ee10429d9d7308fb9fdae94b19421783
Viewport modal,User-facing product copy in the Reactant sample.,Viewport modal,translated,,,tx1_kh6btgeqrwioped34c7qxt6mqa,row1_j4c5czzj736x45rajzituigfmm,message,,rules/src/layout_gallery.rs:805:15; rules/src/layout_gallery.rs:831:28,rev1_ec375945a90377551afada965a59e124d5f33fb4a37fae888b1262d4dc90a58a
CLOSE MODAL,User-facing product copy in the Reactant sample.,CLOSE MODAL,translated,,,tx1_tdolmzxfhiifr7daazivx6g2i4,row1_oef72xxdb4ztsntq5m2s6cbadi,message,,rules/src/layout_gallery.rs:838:29,rev1_e552cd50ecdb44fa3005471538c6e8c5eeb8bb213ac97c00ede4280f64e15992
"LAYOUT PERFORMANCE · 1,000 MIXED CHILDREN",User-facing product copy in the Reactant sample.,"LAYOUT PERFORMANCE · 1,000 MIXED CHILDREN",translated,,,tx1_bvmspidyfly7i56ctg6jptjcdq,row1_ods7ibyn2jy53koolngmuh3fm4,message,,rules/src/layout_performance.rs:51:22,rev1_499a27016aaf66f246bfd51ab4fc5d757141357265fd29c0503ca89f7ee49251
ONE NATIVE LAYOUT PASS · INVERSE PROJECTION,User-facing product copy in the Reactant sample.,ONE NATIVE LAYOUT PASS · INVERSE PROJECTION,translated,,,tx1_v2pvota3orknm7qvgznqzhicei,row1_tfql3x6mgncuz3uynzorfq5fs4,message,,rules/src/layout_reorder.rs:45:20,rev1_db4e77a634829c9928a28cc9a9e7b841080a3d04d6bae99d70abed2b15cb8389
Layout & Reorder,User-facing product copy in the Reactant sample.,Layout & Reorder,translated,,,tx1_mjkyija65lqeu6e7z6ez7kuh44,row1_akduyxudc7u6olmpnr6i7jqnne,message,,rules/src/layout_reorder.rs:52:20,rev1_809924f7d1615e1c24feff41c5a80fe310d0315bb490c4f92e0f10e6cfc87087
TOGGLE GEOMETRY,User-facing product copy in the Reactant sample.,TOGGLE GEOMETRY,translated,,,tx1_v4wzbow5i77i2lthkzywhawt3u,row1_xywy6v57hx4emdkabcvcq5jk4i,message,,rules/src/layout_reorder.rs:63:25,rev1_b619d1b0719128be8861e32d3566ce61b7695495f5ca84e37dda509783f7341e
SHARED HANDOFF,User-facing product copy in the Reactant sample.,SHARED HANDOFF,translated,,,tx1_blcnwboiprfeozt6ewudg5npki,row1_5qi5p6pwbzprtorudmlbp2dp6u,message,,rules/src/layout_reorder.rs:72:25,rev1_5daca10734750d29c0384a3cc80d6a5e75ae4ad16ad61343b106716b36a9e1c6
REORDER,User-facing product copy in the Reactant sample.,REORDER,translated,,,tx1_anseybzgy2od6p3qkzvjgtj64i,row1_e33pplvmljzy7fy54b3xc2rpjm,message,,rules/src/layout_reorder.rs:81:25,rev1_ee3ab94c42a19e1cf515ff51fba76308eab0546e361d70e0deeddda58b71a6d0
POP ITEM,User-facing product copy in the Reactant sample.,POP ITEM,translated,,,tx1_ao4spuj6wyk6waap7b5zsqmfri,row1_oyvg4yiv4oua3de7iwv4c45sha,message,,rules/src/layout_reorder.rs:90:25,rev1_e8c7deb00a65d6c6fe979f9e4033c64bfa7531a745cdecc1d0140273388add94
GENERAL,User-facing product copy in the Reactant sample.,GENERAL,translated,,,tx1_fclyvctog36irxrvebwkzp3why,row1_n3ntqdlk6j3jobzcnskdbojtme,message,,rules/src/layout_reorder.rs:162:17,rev1_c6c7713ea335c1192bb7ce1e426a5bd36760ceafc6f40ba5e5cd82c33ed40c56
AUDIO,User-facing product copy in the Reactant sample.,AUDIO,translated,,,tx1_itrn2awwo7cxwaeoche6hzzchq,row1_474o3hwuzls2qbe6dyazbe2woq,message,,rules/src/layout_reorder.rs:167:17,rev1_daf609be11f6e731433d9af782f82dc78eed619d37f108b8379cb756f883be4b
RELEASE PROFILING,User-facing product copy in the Reactant sample.,RELEASE PROFILING,translated,,,tx1_i6w45jdhpalxd3yn6pj5m4gxzu,row1_wuyei6d33idup7ptcn7tjjii5q,message,,rules/src/motion_performance.rs:83:20,rev1_39fea343c9519f92b274baebda5b13971c6e490c4ca348562eae0b466fc11819
Motion Performance,User-facing product copy in the Reactant sample.,Motion Performance,translated,,,tx1_awrq3de2fct36wv6bxxxvjq6rm,row1_iphp7z7zc4ekxr47bhs3s43pe4,message,,rules/src/motion_performance.rs:90:20,rev1_87e15193da0291f652f1858dfcd4bcd768c810ef57315c71e50159b8c2f37bb3
R,User-facing product copy in the Reactant sample.,R,translated,,,tx1_zshlinluhtd5nid73ujxikkkdm,row1_b3eyqwq77terl6yyikk5jcwdni,message,,rules/src/navigation.rs:24:51,rev1_f9c88dc085a3f7d1b4ce558b0a51e770ef3ebe1122731ae13651cb9b06c67eed
VALUES & TIME,User-facing product copy in the Reactant sample.,VALUES & TIME,translated,,,tx1_pc3ejnqd2mnffu4zbhkqd43kvu,row1_2bmgdurpuyoznu5aoqcfu2cr6q,message,,rules/src/navigation.rs:65:13,rev1_3e9f596fd67ab435a7647937e6c6c9188a372178461b43b6417c0dc1ba6fe56a
REACTANT,User-facing product copy in the Reactant sample.,REACTANT,translated,,,tx1_2v5skxvhsj5hn7rcvnz6hyc5z4,row1_au6vnpq2s5fcto2k4l4xmht724,message,,rules/src/navigation.rs:70:13,rev1_0cf73a875d248a75c08c07a65b9a0abd6e5338e03e66c0071dcaf8a216561ec2
PHYSICAL GENERATORS,User-facing product copy in the Reactant sample.,PHYSICAL GENERATORS,translated,,,tx1_ehvsyw4wd6aqtfahqnwbcyfl7e,row1_kontoseb3wrezrfwm5vx46nydy,message,,rules/src/physical_motion.rs:133:20,rev1_ed9f51784588f41b980053964b4b117ab5d0b6250380cbe28f2699a210c1f572
Physical Motion,User-facing product copy in the Reactant sample.,Physical Motion,translated,,,tx1_c7yisdqhxqtkgniq2d3hhs2p6u,row1_mo7kcvdpjhra3hn4g2qtcxn6fm,message,,rules/src/physical_motion.rs:140:20,rev1_8e9b876a6753c414c9f843b8f8400ceaa952eed35989c927118453bdf20d3c23
CHECKPOINTS  0 ms  ━  120 ms  ━  320 ms  ━  900 ms,User-facing product copy in the Reactant sample.,CHECKPOINTS  0 ms  ━  120 ms  ━  320 ms  ━  900 ms,translated,,,tx1_cewhuu53hcmpstrpsbxbyyuv2u,row1_g6e46bpoxfwv6o7k7zgo35vczq,message,,rules/src/physical_motion.rs:172:20,rev1_fc787171090e1367d491640c7babcffde4735984d20073eef3aa135f7e55f647
RETENTION & TERMINAL ORDERING,User-facing product copy in the Reactant sample.,RETENTION & TERMINAL ORDERING,translated,,,tx1_oiqnati4xdbbmmp3godwvcwr7q,row1_aq5rz64ekk6umjshj7cqgxsi4m,message,,rules/src/presence_lifecycle.rs:160:20,rev1_79239cc682e69c2458a44276ffd047e925ed586855ae3b6d28cf1cb34b54d455
Presence & Lifecycle,User-facing product copy in the Reactant sample.,Presence & Lifecycle,translated,,,tx1_qo62oft6zohnhz24nchvq6hclm,row1_ggn3i54qtoy6c5iqkmdvrfr3k4,message,,rules/src/presence_lifecycle.rs:167:20,rev1_895ff05ac55fa34b10bc1795e27785c2b98d3dee5a3fdb9bc7f489498f45b9d3
COUNTER +1,User-facing product copy in the Reactant sample.,COUNTER +1,translated,,,tx1_fezzk3jwpirfwylsdfz3s5rk34,row1_xwzuzp2qpdsqgu5g5ion4idhwy,message,,rules/src/presence_lifecycle.rs:312:21,rev1_dfbbea258ccdbe9a1c93ab55ace72012a3bcde30a0756781ba490b16af6cecb5
REFS & GEOMETRY,User-facing product copy in the Reactant sample.,REFS & GEOMETRY,translated,,,tx1_ydfuwpfr63oqvbe7iqa5puzvoi,row1_n3cw3wq25nzn4zjnyu4je37oca,message,,rules/src/refs_geometry.rs:59:51,rev1_4095ac076fe2ab659a01b454581d5b83c9009a6f740780aa0ba2e8a47e47add4
Measure committed hosts,User-facing product copy in the Reactant sample.,Measure committed hosts,translated,,,tx1_ux3a3m5acjeoaavc2plebsy6lq,row1_weju66ysu5mayuikspknfmhlfu,message,,rules/src/refs_geometry.rs:66:51,rev1_8d5077f0ba80c842500d0d28edecdb719f453f3aba126b50868f44f8824e2f4e
RESOURCES & BOUNDARIES,User-facing product copy in the Reactant sample.,RESOURCES & BOUNDARIES,translated,,,tx1_q5tny7ccsabcdc5u74w7a2zvvi,row1_egw5kvm75fgpfucenrqvwapsne,message,,rules/src/resources_boundaries.rs:50:47,rev1_2cac7409f962760c547cedc072961d19be16d25ae74fa8a50571c2f8d017c66a
Recover without losing control,User-facing product copy in the Reactant sample.,Recover without losing control,translated,,,tx1_dg2tofqlr75tt7wijzebue7boq,row1_6u3a5pjsyj52h7jwgf7gjopgam,message,,rules/src/resources_boundaries.rs:57:47,rev1_ebd4997bbad964f820c9b414a90eef5ce93584891f84f24bb3e5a4cf76a748c8
RESOURCE PENDING,User-facing product copy in the Reactant sample.,RESOURCE PENDING,translated,,,tx1_lauapfvukbd7nnxvyvn44kp3im,row1_lst652qrm756rrwim5rwradrum,message,,rules/src/resources_boundaries.rs:74:57,rev1_7eaced7b18f6f593a40ef2a365eb066ace02d563a5da52e369eb6fc25a1e0220
RESOURCE READY,User-facing product copy in the Reactant sample.,RESOURCE READY,translated,,,tx1_jn2byfpsalgqj5mpeb3rgrqxba,row1_raeqczuwbctcr2ptl676q2fbta,message,,rules/src/resources_boundaries.rs:131:49,rev1_1b2b13e79916429ee9b2e9748acd8d79809a4610d95ff55bf127e5b227d78fa1
BOUNDARY READY,User-facing product copy in the Reactant sample.,BOUNDARY READY,translated,,,tx1_3ezygth5zlyrv6n4xib6hb7nhu,row1_af7tmwrd5t7wpvmkjvvn75z52a,message,,rules/src/resources_boundaries.rs:162:49,rev1_f1e126f223bd2743c9a0838b336b2d928c8facee5db9a7a942201cd758f45725
ERROR CAUGHT,User-facing product copy in the Reactant sample.,ERROR CAUGHT,translated,,,tx1_jyb6eizqzsbnjyfwcu6ax5tc7y,row1_4t4rihpsymv6wweqnh7omktfae,message,,rules/src/resources_boundaries.rs:189:47,rev1_2d419c08f53715a93dd21e3fb37ee7db0f3025e3e202975b2871379e5604f2f5
State follows identity,User-facing product copy in the Reactant sample.,State follows identity,translated,,,tx1_vc2c2yoa5s36xvvbfui4y7472q,row1_lhjzneijdn2rapwip2sqocaeda,message,,rules/src/state_identity.rs:65:47,rev1_e8862b77a6dba4108df96701a9641fc84b71872bc6bf28a5dbbfd3d0e5187baa
CSS-STYLE MOTION,User-facing product copy in the Reactant sample.,CSS-STYLE MOTION,translated,,,tx1_zswngd2ulnjas77rdatqmvmzcy,row1_b4cxcd7hfbke24vmxenjuy7l24,message,,rules/src/styles_decorations.rs:46:20,rev1_e71c70324ee51067b82132aac27759d5356b698f2050f67a59322f4e8ed52f30
Styles & Decorations,User-facing product copy in the Reactant sample.,Styles & Decorations,translated,,,tx1_ar74l7445l4rrnbe7i52jmiru4,row1_pjleji6d2yr6xjb67agprgdv3q,message,,rules/src/styles_decorations.rs:53:20,rev1_fbc7a24877dcf6df73db603e59ff3bf3a9250b937e320c1f180115a188e526d4
HOLD / FOCUS / PRESS,User-facing product copy in the Reactant sample.,HOLD / FOCUS / PRESS,translated,,,tx1_jv5xvwbfhqguol5cjz5bmcympq,row1_uo3kz4u3uay55yslh7mbfttqba,message,,rules/src/styles_decorations.rs:118:17,rev1_7af66a14c7ea08e71dcc5ee640d7d6f0e6e9f7264afa4a564b4b49aea53c819b
BURST SAFE INPUT,User-facing product copy in the Reactant sample.,BURST SAFE INPUT,translated,,,tx1_ehnpis74iw2twj7pztbdtqokky,row1_u5nbhctsbnpckfgfi2uq2cyjlq,message,,rules/src/styles_decorations.rs:244:17,rev1_ffef42371f38235ccd80e18ae4ae0ae0f1a4edd738a61d0d08f7a1f8a6cb09c8
UNITY-LOCAL VALUES · EXPLICIT CHECKPOINTS,User-facing product copy in the Reactant sample.,UNITY-LOCAL VALUES · EXPLICIT CHECKPOINTS,translated,,,tx1_br2wokmpvkcmmhwvhm6xm52sym,row1_7hatldjisaz55mvuwmqeoxtob4,message,,rules/src/values_time_controls.rs:131:20,rev1_2ef92174e7d9afdc8b4b38c2473dc91f3473375a8b71d1a2efae4614d383e0b9
"Values, Time & Controls",User-facing product copy in the Reactant sample.,"Values, Time & Controls",translated,,,tx1_46ge6hzxjc6erllgcyreafjk6m,row1_rlamwoy4df3bs7wy5u4wrjjmby,message,,rules/src/values_time_controls.rs:138:20,rev1_9765725f87927cc14998e297a4a8df491b7706e7200beb6846bc02391094453c
TYPED CONTROLS,User-facing product copy in the Reactant sample.,TYPED CONTROLS,translated,,,tx1_oapeh7pf74rjljhdrshtu4qp2i,row1_qsn45n3zuvmhh5deihlrfvtlvu,message,,rules/src/values_time_controls.rs:262:28,rev1_2e6664219a096ec44291f9a9132484fcca3167aef39051ae417c5123741870d9
LOGICAL VARIANT PROPAGATION,User-facing product copy in the Reactant sample.,LOGICAL VARIANT PROPAGATION,translated,,,tx1_botl3v7ruqrwsplos5mmeoedsy,row1_g3hmocep2golvxlxypr6qccpru,message,,rules/src/variants_orchestration.rs:110:20,rev1_1c4aaa64df9a4d259a6a04b87fc2bad54e5e107d05d8e525458efcff26bf3d68
Variants & Orchestration,User-facing product copy in the Reactant sample.,Variants & Orchestration,translated,,,tx1_qtv25hxpr34fjmzuekxzyhdyva,row1_ufg2snipoeaks3x6ew7o5obuqu,message,,rules/src/variants_orchestration.rs:117:20,rev1_c0d68484158c75847b5e1ca9fc26dc9ef3c00bfcca90911108260f9b989dad7c
"PARENT  ·  ordered [route, custom, orchestration]",User-facing product copy in the Reactant sample.,"PARENT  ·  ordered [route, custom, orchestration]",translated,,,tx1_qkrpc6qtkjuyyhhn5g6ha5kora,row1_iu5fpotxmrmwoy4oobo75iscby,message,,rules/src/variants_orchestration.rs:150:24,rev1_182ee33075590e23b8d96c1ae2a0a58e8795ccdb10fab5190a3d7099a064f423
